ID;Número;Ano;Tipo de Matéria Legislativa/Sigla;Tipo de Matéria Legislativa/Descrição;Ementa;Autorias;Texto Original
254;1;2026;PLEX;Projeto de Lei Origem Poder Executivo;CONCEDE REVISÃO GERAL ANUAL AOS SERVIDORES EFETIVOS E EMPREGADOS PÚBLICOS MUNICIPAIS DA ADMINISTRAÇÃO DIRETA E INDIRETA, ATIVOS, INATIVOS COM E SEM PARIDADE, PENSIONISTAS, COMISSIONADOS E CONSELHEIROS TUTELARES.;;http://sapl.campodotenente.pr.leg.br/media/sapl/public/materialegislativa/2026/254/projeto_001.pdf
255;2;2026;PLEX;Projeto de Lei Origem Poder Executivo;ATUALIZA O VALOR DO PISO SALARIAL PROFISSIONAL DOS AGENTES COMUNITÁRIOS DE SAÚDE E DOS AGENTES DE COMBATE ÀS ENDEMIAS, REFERENTE AO REAJUSTE ANUAL PREVISTO NO ART. 2º DA LEI MUNICIPAL Nº 1.083/22.;;http://sapl.campodotenente.pr.leg.br/media/sapl/public/materialegislativa/2026/255/projeto_002.pdf
257;3;2026;PLEX;Projeto de Lei Origem Poder Executivo;ATUALIZA O VALOR DO PISO SALARIAL DOS PROFISSIONAIS DO MAGISTÉRIO DO MUNICÍPIO DE CAMPO DO TENENTE – PR.;;http://sapl.campodotenente.pr.leg.br/media/sapl/public/materialegislativa/2026/257/projeto_003.pdf
258;4;2026;PLEX;Projeto de Lei Origem Poder Executivo;ALTERA O ART. 1º DA LEI Nº 1175/2025, QUE DISPÕE SOBRE A FIXAÇÃO DO PISO SALARIAL DOS SERVIDORES PÚBLICOS DO MUNICÍPIO DE CAMPO DO TENENTE.;;http://sapl.campodotenente.pr.leg.br/media/sapl/public/materialegislativa/2026/258/projeto_004.pdf
256;5;2026;PLEX;Projeto de Lei Origem Poder Executivo;RATIFICA O PROTOCOLO DE INTENÇÕES PARA CONSTITUIÇÃO DO CONSÓRCIO INTERMUNICIPAL MULTIFINALITÁRIO – CONSULEP.;;http://sapl.campodotenente.pr.leg.br/media/sapl/public/materialegislativa/2026/256/projeto_005.pdf
290;6;2026;PLEX;Projeto de Lei Origem Poder Executivo;“Institui o Programa de Recuperação Fiscal - Refis.”;;http://sapl.campodotenente.pr.leg.br/media/sapl/public/materialegislativa/2026/290/006_-_refis-oficio.pdf
347;7;2026;PLEX;Projeto de Lei Origem Poder Executivo;DISPÕE SOBRE A CRIAÇÃO DO CONSELHO MUNICIPAL DE EDUCAÇÃO DO MUNICÍPIO DE CAMPO DO TENENTE, E DÁ OUTRAS PROVIDÊNCIAS.;;http://sapl.campodotenente.pr.leg.br/media/sapl/public/materialegislativa/2026/347/007-_cme_2026_merged.pdf
622;8;2026;PLEX;Projeto de Lei Origem Poder Executivo;ALTERA A REDAÇÃO DO ART. 2º DA LEI Nº 1.059/2022, QUE INSTITUI O PROGRAMA AUXÍLIO-ALIMENTAÇÃO PARA OS SERVIDORES DO MUNICÍPIO DE CAMPO DO TENENTE/PR, E DÁ OUTRAS PROVIDÊNCIAS.;;http://sapl.campodotenente.pr.leg.br/media/sapl/public/materialegislativa/2026/622/projeto_008-2026.pdf
704;9;2026;PLEX;Projeto de Lei Origem Poder Executivo;DISPÕE SOBRE A ABERTURA E DENOMINAÇÃO DE VIA PÚBLICA DENOMINADA RUA ANITA MARGARIDA COMITTI STAHLKE, NO MUNICÍPIO DE CAMPO DO TENENTE, E DÁ OUTRAS PROVIDÊNCIAS.;;http://sapl.campodotenente.pr.leg.br/media/sapl/public/materialegislativa/2026/704/pl_009.pdf
752;10;2026;PLEX;Projeto de Lei Origem Poder Executivo;INSTITUI A POLÍTICA MUNICIPAL DE ALFABETIZAÇÃO DO MUNICÍPIO DE CAMPO DO TENENTE, ESTADO DO PARANÁ, E DÁ OUTRAS PROVIDÊNCIAS.;;http://sapl.campodotenente.pr.leg.br/media/sapl/public/materialegislativa/2026/752/010_-_projeto_de_lei.pdf
806;11;2026;PLEX;Projeto de Lei Origem Poder Executivo;ACRESCE VAGAS NOS CARGOS DO QUADRO DE CARGOS EFETIVOS DA ADMINISTRAÇÃO PÚBLICA MUNICIPAL.;;http://sapl.campodotenente.pr.leg.br/media/sapl/public/materialegislativa/2026/806/pl_011-2026.pdf
807;12;2026;PLEX;Projeto de Lei Origem Poder Executivo;AUTORIZA O PODER EXECUTIVO MUNICIPAL A CELEBRAR ACORDO DE COOPERAÇÃO, CONVÊNIO OU INSTRUMENTO CONGÊNERE COM O MUNICÍPIO DE RIO NEGRO, ESTADO DO PARANÁ, PARA A UTILIZAÇÃO COMPARTILHADA DO SERVIÇO DE ACOLHIMENTO INSTITUCIONAL DE CRIANÇAS E ADOLESCENTES, AUTORIZA O REPASSE DE RECURSOS FINANCEIROS E DÁ OUTRAS PROVIDÊNCIAS.;;http://sapl.campodotenente.pr.leg.br/media/sapl/public/materialegislativa/2026/807/projeto_012-2026.pdf
808;13;2026;PLEX;Projeto de Lei Origem Poder Executivo;DISPÕE SOBRE AS DIRETRIZES PARA ELABORAÇÃO DO ORÇAMENTO DO MUNICÍPIO DE CAMPO DO TENENTE, ESTADO DO PARANÁ, PARA O EXERCÍCIO FINANCEIRO DE 2027 E DÁ OUTRAS PROVIDÊNCIAS;;http://sapl.campodotenente.pr.leg.br/media/sapl/public/materialegislativa/2026/808/projeto_013-2026.pdf
246;1;2026;PRE;Projeto de Resolução;"""Altera o valor da bolsa auxílio dos estagiários do Poder Legislativo previsto no Anexo I da Resolução 002/2022.""";;http://sapl.campodotenente.pr.leg.br/media/sapl/public/materialegislativa/2026/246/resolucao_001-2026_estagiarios.pdf
259;2;2026;PRE;Projeto de Resolução;Acrescenta parágrafo único ao art. 1º da Resolução nº 003/2014, que estabelece normas para a concessão de diárias no âmbito do Poder Legislativo Municipal.;;http://sapl.campodotenente.pr.leg.br/media/sapl/public/materialegislativa/2026/259/resolucao_002-2026_diarias.pdf
260;3;2026;PRE;Projeto de Resolução;Regulamenta a Lei Federal nº 14.129, de 29 de março de 2021, no âmbito da Câmara Municipal de Campo do Tenente e institui o Programa de Governo Digital do Poder Legislativo Municipal.;;http://sapl.campodotenente.pr.leg.br/media/sapl/public/materialegislativa/2026/260/resolucao_003-2026_governo_digital.pdf
261;4;2026;PRE;Projeto de Resolução;Altera o Regimento Interno da Câmara Municipal de Campo do Tenente (Resolução n. 004/2019).;;http://sapl.campodotenente.pr.leg.br/media/sapl/public/materialegislativa/2026/261/resolucao_004-2026_altera_regimento.pdf
291;5;2026;PRE;Projeto de Resolução;“Altera e acrescenta dispositivos ao Regimento Interno da Câmara Municipal de Campo do Tenente (Resolução nº 004/2019) para instituir normas de transparência, controle da atividade legislativa e regulamentação do funcionamento e das competências das Comissões Permanentes, conforme recomendações do Tribunal de Contas do Estado do Paraná e dá outras providências.”;;http://sapl.campodotenente.pr.leg.br/media/sapl/public/materialegislativa/2026/291/resolucao_005-2026_altera_regimento.pdf
603;6;2026;PRE;Projeto de Resolução;Autoriza a doação de bens móveis do Patrimônio da Câmara de Campo do Tenente ao Poder Executivo Municipal e dá outras providências.;;http://sapl.campodotenente.pr.leg.br/media/sapl/public/materialegislativa/2026/603/resolucao_006-2026_doacao.pdf
701;7;2026;PRE;Projeto de Resolução;Altera e acrescenta dispositivos ao Regimento Interno da Câmara Municipal de Campo do Tenente para regulamentar a função fiscalizadora do Poder Legislativo, estabelecendo critérios para comissões, modelos de relatórios, prazos e procedimentos de controle, conforme recomendações do TCE-PR e dá outras providências.;;http://sapl.campodotenente.pr.leg.br/media/sapl/public/materialegislativa/2026/701/resolucao_007-2026_altera_regimento.pdf
282;1;2026;PDL;Projeto de Decreto Legislativo;DISPÕE SOBRE O JULGAMENTO DAS CONTAS DO PODER EXECUTIVO, COM RESSALVAS, RELATIVAS AO EXERCÍCIO FINANCEIRO DE 2024.;;http://sapl.campodotenente.pr.leg.br/media/sapl/public/materialegislativa/2026/282/decreto_001-2026.pdf
792;2;2026;PDL;Projeto de Decreto Legislativo;Dispõe sobre a cassação do mandato eletivo do Vereador Jorge Luiz Quege por quebra de decoro parlamentar e dá outras providências.;;http://sapl.campodotenente.pr.leg.br/media/sapl/public/materialegislativa/2026/792/decreto_legislativo_002-2026_-_perda_do_mandato_pdf.pdf
244;1;2026;PLEG;Projeto de Lei Origem do Poder Legislativo;"""CONCEDE REVISÃO GERAL ANUAL AOS SERVIDORES EFETIVOS E COMISSIONADOS DA CÂMARA MUNICIPAL DE CAMPO DO TENENTE.""";;http://sapl.campodotenente.pr.leg.br/media/sapl/public/materialegislativa/2026/244/pl_001-2026.pdf
245;2;2026;PLEG;Projeto de Lei Origem do Poder Legislativo;"""CONCEDE REVISÃO DO VALOR DO AUXÍLIO-ALIMENTAÇÃO DOS SERVIDORES EFETIVOS E COMISSIONADOS DA CÂMARA MUNICIPAL DE CAMPO DO TENENTE-PR ALTERA O PARÁGRAFO ÚNICO DO ARTIGO 2° DA LEI MUNICIPAL N°1.066/2022.""";;http://sapl.campodotenente.pr.leg.br/media/sapl/public/materialegislativa/2026/245/pl_002-2026.pdf
698;3;2026;PLEG;Projeto de Lei Origem do Poder Legislativo;Dispõe sobre a obrigatoriedade de notificação à Companhia de Saneamento do Paraná – Sanepar, quanto da realização de obras de pavimentação.;;http://sapl.campodotenente.pr.leg.br/media/sapl/public/materialegislativa/2026/698/projeto_de_lei_003.2026.pdf
811;4;2026;PLEG;Projeto de Lei Origem do Poder Legislativo;Dispõe sobre princípios, critérios gerais e transparência nos programas habitacionais de interesse social que contem com participação do Município de Campo do Tenente e dá outras providências.;;http://sapl.campodotenente.pr.leg.br/media/sapl/public/materialegislativa/2026/811/pl_004-2026.pdf
815;5;2026;PLEG;Projeto de Lei Origem do Poder Legislativo;Altera a Lei Municipal nº 1.094, de 2022, que institui o “Título Mãe Tenenteana” no Município de Campo do Tenente.;;http://sapl.campodotenente.pr.leg.br/media/sapl/public/materialegislativa/2026/815/projeto_de_lei_005-2026.pdf
608;1;2026;EMD;Emenda;DISPÕE SOBRE A CRIAÇÃO DO CONSELHO MUNICIPAL DE EDUCAÇÃO DO MUNICÍPIO DE CAMPO DO TENENTE, E DÁ OUTRAS PROVIDÊNCIAS.;;http://sapl.campodotenente.pr.leg.br/media/sapl/public/materialegislativa/2026/608/emenda_ao_projeto_de_lei_007.2026_executivo.pdf
691;2;2026;EMD;Emenda;"EMENDA ADITIVA 002/2026 AO PROJETO DE LEI 008/2026.
ALTERA A REDAÇÃO DO ART. 2º DA LEI Nº 1.059/2022, QUE INSTITUI O PROGRAMA AUXÍLIO-ALIMENTAÇÃO PARA OS SERVIDORES DO MUNICÍPIO DE CAMPO DO TENENTE/PR, E DÁ OUTRAS PROVIDÊNCIAS.";;http://sapl.campodotenente.pr.leg.br/media/sapl/public/materialegislativa/2026/691/emenda_aditiva_002-2026.pdf
249;1;2026;IND;Indicação;“Indica ao Poder Executivo Municipal a substituição da areia dos espaços recreativos das creches municipais por grama sintética, visando melhores condições de higiene, segurança e conforto térmico às crianças”.;;http://sapl.campodotenente.pr.leg.br/media/sapl/public/materialegislativa/2026/249/indicacao_001-2026_cleiton_nunes.pdf
287;2;2026;IND;Indicação;Indica ao Poder Executivo Municipal a realização de manutenção na Rua Nadir Jose Donato, atendendo a solicitação dos moradores.;;http://sapl.campodotenente.pr.leg.br/media/sapl/public/materialegislativa/2026/287/indicacao_002-2026_marcos_wesley_e_gustavo.pdf
272;3;2026;IND;Indicação;Indica ao Poder Executivo Municipal a instalação de um toldo na Escola Municipal João Paulo II, conforme solicitação da comunidade escolar por meio de abaixo-assinado.;;http://sapl.campodotenente.pr.leg.br/media/sapl/public/materialegislativa/2026/272/indicacao_003-2026_todos_os_vereadores.pdf
288;4;2026;IND;Indicação;Indica ao Poder Executivo Municipal a instalação de um novo ponto de ônibus na Localidade do Ribeirão Vermelho, BR116, KM 181, próximo a antiga escolinha.;;http://sapl.campodotenente.pr.leg.br/media/sapl/public/materialegislativa/2026/288/indicacao_004-2026_marcos_antonio_e_gustavo.pdf
285;5;2026;IND;Indicação;Regularização do terreno da Escola Rural Municipal Oracélis Córdova Ribeiro - Comunidade do Ribeirão Vermelho;;http://sapl.campodotenente.pr.leg.br/media/sapl/public/materialegislativa/2026/285/indicacao_005-2026_marcos_antonio.pdf
295;6;2026;IND;Indicação;“Indica ao Poder Executivo Municipal a realização de palestras, cursos e ações educativas sobre segurança no trânsito nas escolas da rede municipal, com possibilidade de parceria com a rede estadual de ensino”;;http://sapl.campodotenente.pr.leg.br/media/sapl/public/materialegislativa/2026/295/indicacao_006-2026_gustavo.pdf
296;7;2026;IND;Indicação;Indica ao Poder Executivo Municipal a reforma e adequação dos dois pontos de ônibus na Vila Ermelinda, localidade do Lageado.;;http://sapl.campodotenente.pr.leg.br/media/sapl/public/materialegislativa/2026/296/indicacao_007-2026_rivanildo.pdf
298;8;2026;IND;Indicação;Indica ao Poder Executivo Municipal a instalação de ponto de ônibus na Rua Vitorio Boniatti, no bairro Lais Bond.;;http://sapl.campodotenente.pr.leg.br/media/sapl/public/materialegislativa/2026/298/indicacao_008-2026.pdf
299;9;2026;IND;Indicação;Indica ao Poder Executivo Municipal a pintura da lombada, das faixas de pedestre,  e a instalação de placas de sinalização na Rua Nassin Abdala Neme em frente ao restaurante Fogão a Lenha incluindo placas de sinalização na área escolar, da esquina com a rua André Valenga.;;http://sapl.campodotenente.pr.leg.br/media/sapl/public/materialegislativa/2026/299/indicacao_009-2026_rivanildo.pdf
302;10;2026;IND;Indicação;Indica ao Executivo Municipal a instalação de ponto de ônibus com abrigo no bairro Bela Vista, na esquina da Avenida São Sebastião com a Rua Maria Josefina Charneski, bem como a reforma do ponto de ônibus existente na Vila Rural, em frente à Capela Santa Rita.;;http://sapl.campodotenente.pr.leg.br/media/sapl/public/materialegislativa/2026/302/indicacao_010-2026_gustavo.pdf
304;11;2026;IND;Indicação;Indica ao Poder Executivo Municipal a realização de serviços de manutenção asfáltica e pintura das faixas de sinalização na localidade do Lageado.;;http://sapl.campodotenente.pr.leg.br/media/sapl/public/materialegislativa/2026/304/indicacao_011-2026_gilmar.pdf
350;12;2026;IND;Indicação;Indica ao Poder Executivo Municipal a realização de serviços de manilhamento de córrego na Rua Trajano Portela, na localidade do Lageado.;;http://sapl.campodotenente.pr.leg.br/media/sapl/public/materialegislativa/2026/350/indicacao_012-2026_gilmar.pdf
352;13;2026;IND;Indicação;Solicita a manutenção da calçada em frente ao Ginásio de Esporte Alberto Wenski.;;http://sapl.campodotenente.pr.leg.br/media/sapl/public/materialegislativa/2026/352/indicacao_013-_2026_cleiton_costa_calcada.pdf
353;14;2026;IND;Indicação;Solicita a poda de árvores na Rua Nadir José Donato, em razão do acúmulo de folhas nos bueiros e invasão de galhos nas calçadas.;;http://sapl.campodotenente.pr.leg.br/media/sapl/public/materialegislativa/2026/353/indicacao_014-_2026_marcos_wesley_lazarino.pdf
596;15;2026;IND;Indicação;Indica ao Executivo Municipal a instalação de ponto de ônibus com abrigo nas Localidade de Lageado e Morrinho Alto.;;http://sapl.campodotenente.pr.leg.br/media/sapl/public/materialegislativa/2026/596/indicacao_015-_2026_gilmar_barbosa_ponto_lageado.pdf
598;16;2026;IND;Indicação;Indica ao Executivo Municipal a manutenção de estrada que liga as comunidades de Lageado e Morrinho Alto.;;http://sapl.campodotenente.pr.leg.br/media/sapl/public/materialegislativa/2026/598/indicacao_016-_2026_gilmar_barbosa_manutencao_de_estrada.docx
602;17;2026;IND;Indicação;Indica ao Executivo Municipal a revitalização da pintura da faixa de pedestre na esquina da Rua Luíz Meinelecki com a Rua Gabriel Kaiss, visando maior segurança para motoristas e pedestres.;;http://sapl.campodotenente.pr.leg.br/media/sapl/public/materialegislativa/2026/602/indicacao_017-2026_gilmar.pdf
606;18;2026;IND;Indicação;Indica ao Poder Executivo Municipal a necessidade de reforma do parquinho da Vila Rural, bem como a finalização das obras em andamento no local.;;http://sapl.campodotenente.pr.leg.br/media/sapl/public/materialegislativa/2026/606/indicacao_018-_2026_marcos_antonio_vila_rural.pdf
619;19;2026;IND;Indicação;Indica ao Poder Executivo Municipal a necessidade de implantação de rampas de acessibilidade nas calçadas e travessias.;;http://sapl.campodotenente.pr.leg.br/media/sapl/public/materialegislativa/2026/619/indicacao_019-_2026_rafael_ventura.pdf
620;20;2026;IND;Indicação;Indica ao Poder Executivo Municipal a necessidade de implantação de banheiro no Centro de convivência do idoso.;;http://sapl.campodotenente.pr.leg.br/media/sapl/public/materialegislativa/2026/620/indicacao_020-_2026_marcos_antonio.pdf
689;21;2026;IND;Indicação;Indica ao Poder Executivo a concessão de do adicional de insalubridade as cozinheiras e servidoras de serviços gerais das escolas e Centros Municipais de Educação Infantil mediante prévia avaliação técnica das condições de trabalho.;;http://sapl.campodotenente.pr.leg.br/media/sapl/public/materialegislativa/2026/689/indicacao_021-2026.pdf
690;22;2026;IND;Indicação;Indica ao Poder Executivo a realização de serviços de manutenção, limpeza e reforma do Cemitério da Comunidade do Ribeirão, visando à sua adequada conservação e melhores condições de utilização pela população.;;http://sapl.campodotenente.pr.leg.br/media/sapl/public/materialegislativa/2026/690/indicacao_022-2026.pdf
693;23;2026;IND;Indicação;Solicita ao Poder Executivo a realização de serviços de aterramento e nivelamento do campinho da Vila Rural, elevando-o até o nível da rua.;;http://sapl.campodotenente.pr.leg.br/media/sapl/public/materialegislativa/2026/693/indicacao_023-_2026_roberto_carlos_maurer_campinho_vila_rural.pdf
699;24;2026;IND;Indicação;Indica ao Poder Executivo Municipal a conclusão das obras de infraestrutura na localidade do Morrinho Alto.;;http://sapl.campodotenente.pr.leg.br/media/sapl/public/materialegislativa/2026/699/indicacao_024-2026_rivanildo.pdf
706;25;2026;IND;Indicação;Indica a distribuição gratuita, pelo Sistema Único de Saúde, de sensor de monitoramento contínuo de glicose para crianças, adolescentes e gestantes com Diabetes Mellitus Tipo 1.;;http://sapl.campodotenente.pr.leg.br/media/sapl/public/materialegislativa/2026/706/indicacao_025-_2026_gilmar_barbosa_-_diabetes.pdf
783;26;2026;IND;Indicação;Solicita manutenção de estrada rural na localidade do Lajeado, com acesso próximo ao Bar do Júnior do Táxi, até as proximidades da Klabin.;;http://sapl.campodotenente.pr.leg.br/media/sapl/public/materialegislativa/2026/783/indicacao_026-2026_gustavo_vizentin_maquinarios.pdf
796;27;2026;IND;Indicação;Indica ao Poder Executivo Municipal a necessidade de implantação de lombadas na Rua Jose Gadonski.;;http://sapl.campodotenente.pr.leg.br/media/sapl/public/materialegislativa/2026/796/indicacao_027-_2026_rafael_ventura.pdf
805;28;2026;IND;Indicação;Solicita a manutenção e melhorias na ciclovia da Rua André Valenga.;;http://sapl.campodotenente.pr.leg.br/media/sapl/public/materialegislativa/2026/805/indicacao_028-2026_gustavo_vizentin_rua_andre_valenga.pdf
804;29;2026;IND;Indicação;Solicita a revitalização e melhorias na Vila Hermelina, na localidade do Lageado, com implantação de saídas d’água, bocas de lobo, manilhamento e demais medidas necessárias para o adequado escoamento das águas pluviais.;;http://sapl.campodotenente.pr.leg.br/media/sapl/public/materialegislativa/2026/804/indicacao_029-_2026_gilmar_barbosa.docx
802;30;2026;IND;Indicação;Solicita o alargamento da Rua Trajano Portela, localizada no Lageado, visando melhorar as condições de acesso, trafegabilidade e segurança no local.;;http://sapl.campodotenente.pr.leg.br/media/sapl/public/materialegislativa/2026/802/indicacao_030-_2026_cleiton_costa.pdf
814;31;2026;IND;Indicação;Solicita ao Poder Executivo Municipal que sejam realizadas melhorias na estrutura e no espaço externo da Escola Estadual Alexandra Peichó”;;http://sapl.campodotenente.pr.leg.br/media/sapl/public/materialegislativa/2026/814/indicacao_031-_2026_gilmar_barbosa.pdf
816;32;2026;IND;Indicação;Solicita manutenção e melhorias na Praça Anita Canet.;;http://sapl.campodotenente.pr.leg.br/media/sapl/public/materialegislativa/2026/816/indicacao_032-_2026_gustavo_vizentin.pdf
247;1;2026;REQ;Requerimento;Solicita informações detalhadas acerca do planejamento, ações em andamento e medidas previstas para a contenção de enchentes, bem como a limpeza e manutenção das galerias fluviais no município.;;http://sapl.campodotenente.pr.leg.br/media/sapl/public/materialegislativa/2026/247/requerimento_001-2026_gustavo_vizentin.pdf
248;2;2026;REQ;Requerimento;Solicita esclarecimentos acerca do conteúdo de e-mail em anexo, referente ao IPRECAMPO – Instituto de Previdência dos Servidores Públicos de Campo do Tenente.;;http://sapl.campodotenente.pr.leg.br/media/sapl/public/materialegislativa/2026/248/requerimento_002_vereador_rafael_ventura..pdf
250;3;2026;REQ;Requerimento;“Solicita informações acerca da previsão para realização de obras de pavimentação asfáltica na localidade do Buriti, bem como a data prevista para início das obras”.;;http://sapl.campodotenente.pr.leg.br/media/sapl/public/materialegislativa/2026/250/requerimento_003_vereador_josemar_veiga.pdf
251;4;2026;REQ;Requerimento;“Solicita esclarecimentos e informações acerca da efetiva aplicação da Lei Municipal que instituiu o PROGRAMA BOLSA ATLETA”.;;http://sapl.campodotenente.pr.leg.br/media/sapl/public/materialegislativa/2026/251/requerimento_004_vereador_gustavo_vizentin.pdf
253;5;2026;REQ;Requerimento;Solicita envio de ofício ao TCE/PR e ao MP/PR para prestar informações sobre as obras da ponte metálica que liga Campo do Tenente à Lapa.;;http://sapl.campodotenente.pr.leg.br/media/sapl/public/materialegislativa/2026/253/requerimento_005_todos_os_vereadores.pdf
270;6;2026;REQ;Requerimento;REQUER RETIRADA DA PL 016/2025.;;http://sapl.campodotenente.pr.leg.br/media/sapl/public/materialegislativa/2026/270/requerimento_006_vereador_marcos_antonio.pdf
268;7;2026;REQ;Requerimento;Solicita os check lists de controle de utilização das máquinas e caminhões caçamba, pertencentes à frota oficial do Município e também dos veículos terceirizados que prestam serviços à municipalidade.;;http://sapl.campodotenente.pr.leg.br/media/sapl/public/materialegislativa/2026/268/requerimento_007_vereador_jorge_quege.docx
349;8;2026;REQ;Requerimento;Requerimento 008/2026 - requer que o Projeto de Lei n006/2026 que Institui o Programa de Recuperação Fiscal - REFIS, tramite em regime de Urgência Especial.;;http://sapl.campodotenente.pr.leg.br/media/sapl/public/materialegislativa/2026/349/requerimento_008_vereador_rafael_ventura.pdf
605;9;2026;REQ;Requerimento;Solicita informações à Companhia de Saneamento do Paraná (Sanepar) sobre a falta de abastecimento de água na localidade do Ribeirão Vermelho, especialmente nas quartas e quintas-feiras.;;http://sapl.campodotenente.pr.leg.br/media/sapl/public/materialegislativa/2026/605/requerimento_009_vereador_marcos_antonio.pdf
696;10;2026;REQ;Requerimento;Solicita informações às operadoras de telefonia móvel sobre a qualidade e ampliação da cobertura do sinal no Município de Campo do Tenente – PR.;;http://sapl.campodotenente.pr.leg.br/media/sapl/public/materialegislativa/2026/696/requerimento_010_vereador_cleiton_costa.pdf
697;11;2026;REQ;Requerimento;Solicita informações quanto à utilização dos barracões comunitários do Município.;;http://sapl.campodotenente.pr.leg.br/media/sapl/public/materialegislativa/2026/697/requerimento_011_vereadores_marcos_wesley_lazarino_-_cleiton_costa.pdf
700;12;2026;REQ;Requerimento;Requer informações sobre a execução dos serviços de substituição da iluminação pública por luminárias de LED no Município de Campo do Tenente.;;http://sapl.campodotenente.pr.leg.br/media/sapl/public/materialegislativa/2026/700/requerimento_012_vereador_gustavo_vizentin.pdf
794;14;2026;REQ;Requerimento;"Solicita informações sobre a manutenção dos veículos e maquinários 
municipais, incluindo os responsáveis pelos serviços, cronograma de manutenção 
preventiva, veículos atualmente em oficinas, problemas apresentados, período de 
permanência, custos e eventual relação com a falta de revisões periódicas.";;http://sapl.campodotenente.pr.leg.br/media/sapl/public/materialegislativa/2026/794/requerimento_014_vereador_gustavo_vizentin.pdf
795;15;2026;REQ;Requerimento;Solicita informações sobre o andamento das obras de pavimentação no Município, com especial atenção à Rua Wenceslau Hubner.;;http://sapl.campodotenente.pr.leg.br/media/sapl/public/materialegislativa/2026/795/requerimento_015_vereador_gustavo_vizentin.pdf
799;16;2026;REQ;Requerimento;Solicita informações sobre a previsão de instalação de parquinhos infantis nos loteamentos Hammer, Moreira e na cancha de areia da Avenida Gabriel Kaiss.;;http://sapl.campodotenente.pr.leg.br/media/sapl/public/materialegislativa/2026/799/requerimento_016_vereador_rafael_ventura.pdf
889;17;2026;REQ;Requerimento;Solicita informações à Companhia de Saneamento do Paraná (Sanepar) sobre o mau cheiro aos arredores da estação de tratamento de esgoto;;http://sapl.campodotenente.pr.leg.br/media/sapl/public/materialegislativa/2026/889/requerimento_017_vereador_rafael_-_informacao_sanepar_assinado.pdf
252;1;2026;OFEX;Oficio do Poder Executivo;"Ofício nº031/2026 - GAB e anexo
Solicita as dependências da Câmara Municipal para realização da Audiência para o Cumprimento das Metas Fiscais e Audiência Pública da Saúde, relativo ao Terceiro Quadrimestre do exercício de 2025.";;http://sapl.campodotenente.pr.leg.br/media/sapl/public/materialegislativa/2026/252/oficio_031-2026.pdf
262;2;2026;OFEX;Oficio do Poder Executivo;"Ofício 046/2026 - GAB e Anexos
Esclarecimentos acerca da colaboração municipal com a 2ª Delegacia Regional de Polícia de Rio Negro, em resposta ao apontamento do Vereador Jorge Luiz Quege.";;http://sapl.campodotenente.pr.leg.br/media/sapl/public/materialegislativa/2026/262/046_-_resposta.pdf
263;3;2026;OFEX;Oficio do Poder Executivo;"Oficio nº 050/2026 - GAB e anexos
Segue os termos de Estimativa de Impacto Orçamentário-Financeiro referente aos Projetos de Lei nº 001/2026, nº 002/2026 e nº 003/2026.";;http://sapl.campodotenente.pr.leg.br/media/sapl/public/materialegislativa/2026/263/050_-_encaminhamentos-anexos.pdf
269;4;2026;OFEX;Oficio do Poder Executivo;"Ofício 057/2026 - GAB e Anexos
Segue termo de Estimativa de Impacto Orçamentário-Financeiro referente ao Projeto de Lei nº 004/2026 que fixa o Piso Salarial dos Servidores Públicos do Município de Campo do Tenente.";;http://sapl.campodotenente.pr.leg.br/media/sapl/public/materialegislativa/2026/269/pl004.pdf
273;5;2026;OFEX;Oficio do Poder Executivo;"Oficio nº072/2026 - GAB
Convite para participação no Evento Cidadania Plena.";;http://sapl.campodotenente.pr.leg.br/media/sapl/public/materialegislativa/2026/273/072_-_camara_cidadania_plena_-_ass.pdf
286;6;2026;OFEX;Oficio do Poder Executivo;"Ofício Nº105/2026 - Gab
Convite para o evento Mulheres de Impacto";;http://sapl.campodotenente.pr.leg.br/media/sapl/public/materialegislativa/2026/286/105_-_camara.pdf
289;7;2026;OFEX;Oficio do Poder Executivo;"Ofício Nº106/2026 - Gab
Comunicação de Férias do Prefeito Municipal";;http://sapl.campodotenente.pr.leg.br/media/sapl/public/materialegislativa/2026/289/106_-_camara_-_prefeito.pdf
346;8;2026;OFEX;Oficio do Poder Executivo;"Ofício nº135/2026 - GAB e Anexos
Termo de Estimativa de Impacto Orçamentário-Financeiro Projeto de Lei 006/2026";;http://sapl.campodotenente.pr.leg.br/media/sapl/public/materialegislativa/2026/346/135_-_impacto_merged.pdf
407;9;2026;OFEX;Oficio do Poder Executivo;"Ofício Nº141/2026 - GAB e Anexos
Solicita as dependências da Câmara para a Audiência de Cumprimento das Metas Fiscais e da Audiência Pública da Saúde, relativas ao Primeiro Quadrimestre do exercício de 2026.";;http://sapl.campodotenente.pr.leg.br/media/sapl/public/materialegislativa/2026/407/audiencia.pdf
599;10;2026;OFEX;Oficio do Poder Executivo;"Ofício Nº166/2026 - GAB e anexos.
Informativo sobre abertura de via pública.";;http://sapl.campodotenente.pr.leg.br/media/sapl/public/materialegislativa/2026/599/166_-_abertura_de_via_publica.pdf
601;11;2026;OFEX;Oficio do Poder Executivo;"Ofício Nº175/2026 - GAB
Convite para abertura oficial da Corrida Noturna e inauguração dos programas Ilumina Paraná e Ilumina Campo do Tenente.";;http://sapl.campodotenente.pr.leg.br/media/sapl/public/materialegislativa/2026/601/175_-_camara_-_convite.pdf
607;12;2026;OFEX;Oficio do Poder Executivo;"Ofício Nº184/2026 - GAB e Anexos
Assunto: Plano Diretor Municipal";;http://sapl.campodotenente.pr.leg.br/media/sapl/public/materialegislativa/2026/607/184_-_camara_-_plano_diretor.pdf
618;13;2026;OFEX;Oficio do Poder Executivo;"Ofício Nº192/2026 - Gab e Anexos
Projeto de Lei n° 008/2026 que ALTERA A REDAÇÃO DO ART. 2º DA LEI Nº 1.059/2022, QUE INSTITUI O PROGRAMA AUXÍLIO-ALIMENTAÇÃO PARA OS SERVIDORES DO MUNICÍPIO DE CAMPO DO TENENTE/PR, E DÁ OUTRAS PROVIDÊNCIAS.";;http://sapl.campodotenente.pr.leg.br/media/sapl/public/materialegislativa/2026/618/oficio_-_pl008.pdf
678;14;2026;OFEX;Oficio do Poder Executivo;"Oficio nº203/2026-GAB e ANEXOS
Assunto: Resposta ao Ofício nº 054/2026.";;http://sapl.campodotenente.pr.leg.br/media/sapl/public/materialegislativa/2026/678/203_-_camara_-_resposta.pdf
705;15;2026;OFEX;Oficio do Poder Executivo;Ofício nº220/2026-GAB e Anexos. Resposta ao Ofício nº 075/2026.;;http://sapl.campodotenente.pr.leg.br/media/sapl/public/materialegislativa/2026/705/resposta_ao_oficio_075.pdf
793;16;2026;OFEX;Oficio do Poder Executivo;"Oficio Nº236/2026-GAB e Anexos.
Política Municipal de Alfabetização e Letramento";;http://sapl.campodotenente.pr.leg.br/media/sapl/public/materialegislativa/2026/793/camara_-_politica.pdf
809;17;2026;OFEX;Oficio do Poder Executivo;Oficio Nº250/2026-GAB - Resposta ao Ofício nº123/2026;;http://sapl.campodotenente.pr.leg.br/media/sapl/public/materialegislativa/2026/809/250_-_camara.pdf
813;18;2026;OFEX;Oficio do Poder Executivo;Oficio Nº257/2026-GAB e Anexos - Termo de Estimativa de Impacto Orçamentário-Financeiro referente ao Projeto de Lei nº 012/2026.;;http://sapl.campodotenente.pr.leg.br/media/sapl/public/materialegislativa/2026/813/impacto_camara.pdf
848;19;2026;OFEX;Oficio do Poder Executivo;Oficio Nº261/2026-GAB e Anexos - Resposta ao Ofício nº 131/2026 – Projeto de Lei nº 012/2026;;http://sapl.campodotenente.pr.leg.br/media/sapl/public/materialegislativa/2026/848/261_-_camara_pl012_.pdf
861;20;2026;OFEX;Oficio do Poder Executivo;Ofício Nº262/2026 - GAB e anexos. Solicita as dependências da Câmara Municipal para a realização da Audiência de Cumprimento das Metas Fiscais e da Audiência Pública da Saúde, relativas ao Segundo Quadrimestre do exercício de 2026.;;http://sapl.campodotenente.pr.leg.br/media/sapl/public/materialegislativa/2026/861/262_-_camara_-_edital_de_audiencia.pdf
877;21;2026;OFEX;Oficio do Poder Executivo;Oficio Nº267/2026-GAB e Anexos - Encaminha o termo de Estimativa de Impacto Orçamentário-Financeiro referente ao Projeto de Lei nº 011/2026.;;http://sapl.campodotenente.pr.leg.br/media/sapl/public/materialegislativa/2026/877/pl011.pdf
880;22;2026;OFEX;Oficio do Poder Executivo;Oficio Nº269/2026-GAB - Resposta ao Ofício nº 121/2026;;http://sapl.campodotenente.pr.leg.br/media/sapl/public/materialegislativa/2026/880/269_-_resposta_oficio_121.pdf
292;1;2026;PLCL;Projeto de Lei Complementar Legislativo;“Altera o artigo 21 da Lei Complementar n° 11/2022 que dispõe sobre o plano de cargos, vencimentos e carreiras dos servidores públicos da Câmara Municipal de Campo do Tenente e dá outras providências.”;;http://sapl.campodotenente.pr.leg.br/media/sapl/public/materialegislativa/2026/292/projeto_de_lei_complementar_001-2026.docx
277;1;2026;ATA;Ata Sessão;Ata Sessão Solene Nº 2.847 - 03 de fevereiro de 2026;;http://sapl.campodotenente.pr.leg.br/media/sapl/public/materialegislativa/2026/277/ata_2847_da_sessao_solene_do_dia_03_de_fevereiro.docx
279;2;2026;ATA;Ata Sessão;Ata da Sessão Ordinária Nº 2848 - 10 de fevereiro de 2026;;http://sapl.campodotenente.pr.leg.br/media/sapl/public/materialegislativa/2026/279/ata_2848_da_sessao_ordinaria_do_dia_10_de_fevereiro.docx
281;3;2026;ATA;Ata Sessão;Ata da Sessão Ordinária Nº 2.849 - 19 de fevereiro de 2026.;;http://sapl.campodotenente.pr.leg.br/media/sapl/public/materialegislativa/2026/281/ata_2849_da_sessao_ordinaria_do_dia_19_de_fevereiro.docx
280;4;2026;ATA;Ata Sessão;Ata da Sessão Ordinária Nº 2.850 - 24 de fevereiro de 2026;;http://sapl.campodotenente.pr.leg.br/media/sapl/public/materialegislativa/2026/280/ata_2850_da_sessao_ordinaria_do_dia_24_de_fevereiro.docx
275;5;2026;ATA;Ata Sessão;Ata Nº 2851 - 03 de Março de 2026;;http://sapl.campodotenente.pr.leg.br/media/sapl/public/materialegislativa/2026/275/ata_2851_da_sessao_ordinaria_do_dia_03_de_fevereiro.docx
283;6;2026;ATA;Ata Sessão;Ata da Sessão Ordinária Nº 2.852 - 10 de março de 2026.;;http://sapl.campodotenente.pr.leg.br/media/sapl/public/materialegislativa/2026/283/ata_2852_da_sessao_ordinaria_do_dia_10_de_marco.docx
274;7;2026;ATA;Ata Sessão;ATA Nº 2853 - 17 de Fevereiro de 2026;;http://sapl.campodotenente.pr.leg.br/media/sapl/public/materialegislativa/2026/274/ata_2853_da_sessao_ordinaria_do_dia_17_de_fevereiro.pdf
276;8;2026;ATA;Ata Sessão;Ata Sessão Extraordinária Nº 2.854 - 19 de Março de 2026;;http://sapl.campodotenente.pr.leg.br/media/sapl/public/materialegislativa/2026/276/ata_2854_da_sessao_extraordinaria_do_dia_19-03-2026..pdf
284;9;2026;ATA;Ata Sessão;ATA  da Sessão Ordinária Nº 2.855 - 24 de março de 2026.;;http://sapl.campodotenente.pr.leg.br/media/sapl/public/materialegislativa/2026/284/ata_2855_da_sessao_ordinaria_do_dia_24_de_marco.docx
293;10;2026;ATA;Ata Sessão;ATA da Sessão Ordinária Nº 2.856 - 31 de março de 2026.;;http://sapl.campodotenente.pr.leg.br/media/sapl/public/materialegislativa/2026/293/ata_31-03.pdf
300;11;2026;ATA;Ata Sessão;ATA da Sessão Ordinária Nº 2.857 - 07 de abril de 2026.;;http://sapl.campodotenente.pr.leg.br/media/sapl/public/materialegislativa/2026/300/ata_2857_dia_07-04..pdf
303;12;2026;ATA;Ata Sessão;ATA da Sessão Ordinária Nº 2.858 - 14 de abril de 2026.;;http://sapl.campodotenente.pr.leg.br/media/sapl/public/materialegislativa/2026/303/ata_2858.pdf
345;13;2026;ATA;Ata Sessão;ATA 2859 - 22 de abril de 2026;;http://sapl.campodotenente.pr.leg.br/media/sapl/public/materialegislativa/2026/345/ata_2859_-_22.04.2026.pdf
348;14;2026;ATA;Ata Sessão;Ata da Sessão 2860 - 28 de abril de 2026.;;http://sapl.campodotenente.pr.leg.br/media/sapl/public/materialegislativa/2026/348/ata_2860_-_28.04.2026.pdf
458;15;2026;ATA;Ata Sessão;Ata da Sessão Ordinária 2.861 - 05 de maio de 2026;;http://sapl.campodotenente.pr.leg.br/media/sapl/public/materialegislativa/2026/458/ata_2861_-_05.05.2026.pdf
597;16;2026;ATA;Ata Sessão;Ata da Sessão Ordinária 2.862 - 12 de maio de 2026;;http://sapl.campodotenente.pr.leg.br/media/sapl/public/materialegislativa/2026/597/ata_2863_-_19.05.2026.pdf
600;17;2026;ATA;Ata Sessão;Ata 2.863 - Dia 19 de maio de 2026.;;http://sapl.campodotenente.pr.leg.br/media/sapl/public/materialegislativa/2026/600/ata_2863_-_19.05.2026.pdf
604;18;2026;ATA;Ata Sessão;Ata 2.864 - Dia 26 de maio de 2026.;;http://sapl.campodotenente.pr.leg.br/media/sapl/public/materialegislativa/2026/604/ata_2864_-_26.05.2026.pdf
609;19;2026;ATA;Ata Sessão;Ata 2.865 - Dia 02 de junho de 2026;;http://sapl.campodotenente.pr.leg.br/media/sapl/public/materialegislativa/2026/609/ata_2865_-_02.06.2026.pdf
621;20;2026;ATA;Ata Sessão;Ata 2.866 - Dia 09 de junho de 2026;;http://sapl.campodotenente.pr.leg.br/media/sapl/public/materialegislativa/2026/621/ata_2866_-_09.06.2026.pdf
627;21;2026;ATA;Ata Sessão;ATA 2867 - 16.06.2026;;http://sapl.campodotenente.pr.leg.br/media/sapl/public/materialegislativa/2026/627/ata_2867_-_16.06.2026.pdf
684;22;2026;ATA;Ata Sessão;ATA 2868 - 23.06.2026;;http://sapl.campodotenente.pr.leg.br/media/sapl/public/materialegislativa/2026/684/ata_2868_-_23.06.2026.pdf
685;23;2026;ATA;Ata Sessão;ATA 2869 - 30.06.2026;;http://sapl.campodotenente.pr.leg.br/media/sapl/public/materialegislativa/2026/685/ata_2869_-_30.06.2026.pdf
694;24;2026;ATA;Ata Sessão;ATA 2870 - 07.07.2026;;http://sapl.campodotenente.pr.leg.br/media/sapl/public/materialegislativa/2026/694/ata_2870_-_07.07.2026.pdf
695;25;2026;ATA;Ata Sessão;ATA 2871 - 14.07.2026;;http://sapl.campodotenente.pr.leg.br/media/sapl/public/materialegislativa/2026/695/ata_2871_-_14.07.2026.pdf
702;26;2026;ATA;Ata Sessão;ATA 2872 - 21.07.2026;;http://sapl.campodotenente.pr.leg.br/media/sapl/public/materialegislativa/2026/702/ata_2872_-_21.07.2026.pdf
707;27;2026;ATA;Ata Sessão;Ata 2.873 - 28 de Julho de 2026;;http://sapl.campodotenente.pr.leg.br/media/sapl/public/materialegislativa/2026/707/ata_2873_-_28.07.2026.pdf
721;28;2026;ATA;Ata Sessão;Ata 2.874 - 04 de Agosto de 2026;;http://sapl.campodotenente.pr.leg.br/media/sapl/public/materialegislativa/2026/721/ata_2874_-_04.08.2026.pdf
786;29;2026;ATA;Ata Sessão;Ata 2875 - 11.08.2026;;http://sapl.campodotenente.pr.leg.br/media/sapl/public/materialegislativa/2026/786/ata_2875_-_11.08.2026.pdf
797;30;2026;ATA;Ata Sessão;ATA 2.876 - 18/08/2026.;;http://sapl.campodotenente.pr.leg.br/media/sapl/public/materialegislativa/2026/797/ata_2876_-_sessao_julgamento_vereador_jorge_luiz_quege_18-08-26_2.pdf
798;31;2026;ATA;Ata Sessão;ATA 2877 - 25.08.2026;;http://sapl.campodotenente.pr.leg.br/media/sapl/public/materialegislativa/2026/798/ata_2877_-_25.08.2026.pdf
810;32;2026;ATA;Ata Sessão;Ata 2878 - 01.09.2026;;http://sapl.campodotenente.pr.leg.br/media/sapl/public/materialegislativa/2026/810/ata_2878_-_01.09.2026.pdf
820;33;2026;ATA;Ata Sessão;Ata 2879 - 08.09.2026;;http://sapl.campodotenente.pr.leg.br/media/sapl/public/materialegislativa/2026/820/ata_2879_-_08.09.2026.pdf
853;34;2026;ATA;Ata Sessão;Ata 2880 - 15.09.2026;;http://sapl.campodotenente.pr.leg.br/media/sapl/public/materialegislativa/2026/853/ata_2880_-_15.09.2026.pdf
774;1;2026;COMPR;Parecer Comissão Processante;Infração 1 — degradação pessoal e institucional: ofensas reiteradas, imputações depreciativas, referência à família e humilhação de conteúdo sexual dirigidas a colega no grupo da Câmara.;;http://sapl.campodotenente.pr.leg.br/media/sapl/public/materialegislativa/2026/774/parecer_comissao_assinado.pdf
791;2;2026;COMPR;Parecer Comissão Processante;Infração 2 — convocação para confronto violento: proposta de encontro em local e hora marcados para “se acertar”, culminando na referência expressa a “faca, bala e braço”.;;http://sapl.campodotenente.pr.leg.br/media/sapl/public/materialegislativa/2026/791/parecer_final_da_comissao_processante.pdf
