id_sapl;slug_codigo;nome_parlamentar;nome_oficial;partido_sigla;partido_nome;foto_url;link_sapl;sessoes_ordinarias;sessoes_fora_do_mandato;sessoes_licenca;presencas;faltas_com_justificativa;faltas_sem_justificativa;faltas_totais;percentual_faltas;taxa_presenca;votos_sim;votos_nao;votos_abstencao;nao_votou;presidente_que_nao_votou;ausente_com_justificativa;ausente_sem_justificativa;fora_do_mandato;presente_sem_voto_individual_registrado;licenca_tratamento_saude;votos_total_registros;projetos_lei_legislativo;projetos_aprovados;projetos_rejeitados;projetos_em_tramitacao
1;jorge-quege;Jorge Quege;Jorge Luiz Quege;PP;PARTIDO PROGRESSISTA;http://sapl.campodotenente.pr.leg.br/media/sapl/public/parlamentar/1/emk00759_Rt35TkS.jpg;https://sapl.campodotenente.pr.leg.br/parlamentar/1;32;0;0;32;0;0;0;0,00;100,00;19;0;0;0;0;0;0;0;0;0;19;0;0;0;0
2;dr-marcos-rodrigues;Dr. Marcos Rodrigues;Marcos Antonio Rodrigues;MDB;MOVIMENTO DEMOCRÁTICO BRASILEIRO;http://sapl.campodotenente.pr.leg.br/media/sapl/public/parlamentar/2/emk00154.jpg;https://sapl.campodotenente.pr.leg.br/parlamentar/2;32;0;0;30;0;2;2;6,25;93,75;19;0;0;0;0;0;0;0;0;0;19;6;3;0;3
3;cleiton-costa;Cleiton Costa;Cleiton Nunes da Costa;PDT;PARTIDO DEMOCRÁTICO TRABALHISTA;http://sapl.campodotenente.pr.leg.br/media/sapl/public/parlamentar/3/emk00753.jpg;https://sapl.campodotenente.pr.leg.br/parlamentar/3;32;0;0;32;0;0;0;0,00;100,00;17;2;0;0;0;0;0;0;0;0;19;2;1;0;1
4;kinho-lazarino;Kinho Lazarino;Marcos Wesley Lazarino;MDB;MOVIMENTO DEMOCRÁTICO BRASILEIRO;http://sapl.campodotenente.pr.leg.br/media/sapl/public/parlamentar/4/emk00770.jpg;https://sapl.campodotenente.pr.leg.br/parlamentar/4;32;0;0;31;1;0;1;3,12;96,88;19;0;0;0;0;0;0;0;0;0;19;4;3;0;1
5;rafael-ventura;Rafael Ventura;Rafael de Jesus Ventura;PL;PARTIDO LIBERAL;http://sapl.campodotenente.pr.leg.br/media/sapl/public/parlamentar/5/whatsapp_image_2025-04-22_at_17.32.56.jpeg;https://sapl.campodotenente.pr.leg.br/parlamentar/5;32;0;0;32;0;0;0;0,00;100,00;19;0;0;0;0;0;0;0;0;0;19;10;6;0;4
6;gustavo-vizentin;Gustavo Vizentin;Gustavo Brun Ribas Pinto Vizentin;UNIÃO;UNIÃO BRASIL;http://sapl.campodotenente.pr.leg.br/media/sapl/public/parlamentar/6/emk00763.jpg;https://sapl.campodotenente.pr.leg.br/parlamentar/6;32;0;0;32;0;0;0;0,00;100,00;19;0;0;0;0;0;0;0;0;0;19;4;3;0;1
7;josemar-veiga;Josemar Veiga;Josemar Veiga;PL;PARTIDO LIBERAL;http://sapl.campodotenente.pr.leg.br/media/sapl/public/parlamentar/7/emk00173.jpg;https://sapl.campodotenente.pr.leg.br/parlamentar/7;32;0;0;32;0;0;0;0,00;100,00;19;0;0;0;0;0;0;0;0;0;19;3;2;0;1
8;beto-maurer;Beto Maurer;Roberto Carlos Maurer;PP;PARTIDO PROGRESSISTA;http://sapl.campodotenente.pr.leg.br/media/sapl/public/parlamentar/8/emk00157.jpg;https://sapl.campodotenente.pr.leg.br/parlamentar/8;32;0;0;29;0;3;3;9,38;90,62;13;0;0;0;0;0;6;0;0;0;19;0;0;0;0
9;gilmar-barbosa;Gilmar Barbosa;Gilmar Aparecido Barbosa;UNIÃO;UNIÃO BRASIL;http://sapl.campodotenente.pr.leg.br/media/sapl/public/parlamentar/9/emk00176.jpg;https://sapl.campodotenente.pr.leg.br/parlamentar/9;32;0;0;29;1;2;3;9,38;90,62;19;0;0;0;0;0;0;0;0;0;19;0;0;0;0
