id_sapl;slug_codigo;nome_oficial;nome_parlamentar;partido;partido_sigla;partido_nome;foto_url;apelidos;ativo_no_recorte;data_inicio_mandato;data_fim_mandato;anos_com_mandato;condicao;afastamento_registro_oficial;link_sapl
1;jorge-quege;Jorge Luiz Quege;Jorge Quege;;PP;PARTIDO PROGRESSISTA;http://sapl.campodotenente.pr.leg.br/media/sapl/public/parlamentar/1/emk00759_Rt35TkS.jpg;Jorge Luiz Quege | Jorge Quege;true;2025-01-01;2026-08-18;2025 | 2026;suplente;Cassação de mandato;https://sapl.campodotenente.pr.leg.br/parlamentar/1
2;dr-marcos-rodrigues;Marcos Antonio Rodrigues;Dr. Marcos Rodrigues;;MDB;MOVIMENTO DEMOCRÁTICO BRASILEIRO;http://sapl.campodotenente.pr.leg.br/media/sapl/public/parlamentar/2/emk00154.jpg;Dr. Marcos Rodrigues | Marcos Antonio Rodrigues;true;2025-01-01;2028-12-31;2025 | 2026;titular;;https://sapl.campodotenente.pr.leg.br/parlamentar/2
3;cleiton-costa;Cleiton Nunes da Costa;Cleiton Costa;;PDT;PARTIDO DEMOCRÁTICO TRABALHISTA;http://sapl.campodotenente.pr.leg.br/media/sapl/public/parlamentar/3/emk00753.jpg;Cleiton Costa | Cleiton Nunes da Costa;true;2025-01-01;2028-12-31;2025 | 2026;titular;;https://sapl.campodotenente.pr.leg.br/parlamentar/3
4;kinho-lazarino;Marcos Wesley Lazarino;Kinho Lazarino;;MDB;MOVIMENTO DEMOCRÁTICO BRASILEIRO;http://sapl.campodotenente.pr.leg.br/media/sapl/public/parlamentar/4/emk00770.jpg;Kinho Lazarino | Marcos Wesley Lazarino;true;2025-01-01;2028-12-31;2025 | 2026;titular;;https://sapl.campodotenente.pr.leg.br/parlamentar/4
5;rafael-ventura;Rafael de Jesus Ventura;Rafael Ventura;;PL;PARTIDO LIBERAL;http://sapl.campodotenente.pr.leg.br/media/sapl/public/parlamentar/5/whatsapp_image_2025-04-22_at_17.32.56.jpeg;Rafael de Jesus Ventura | Rafael Ventura;true;2025-01-01;2028-12-31;2025 | 2026;titular;;https://sapl.campodotenente.pr.leg.br/parlamentar/5
6;gustavo-vizentin;Gustavo Brun Ribas Pinto Vizentin;Gustavo Vizentin;;UNIÃO;UNIÃO BRASIL;http://sapl.campodotenente.pr.leg.br/media/sapl/public/parlamentar/6/emk00763.jpg;Gustavo Brun Ribas Pinto Vizentin | Gustavo Vizentin;true;2025-01-01;2028-12-31;2025 | 2026;titular;;https://sapl.campodotenente.pr.leg.br/parlamentar/6
7;josemar-veiga;Josemar Veiga;Josemar Veiga;;PL;PARTIDO LIBERAL;http://sapl.campodotenente.pr.leg.br/media/sapl/public/parlamentar/7/emk00173.jpg;Josemar Veiga;true;2025-01-01;2028-12-31;2025 | 2026;titular;;https://sapl.campodotenente.pr.leg.br/parlamentar/7
8;beto-maurer;Roberto Carlos Maurer;Beto Maurer;;PP;PARTIDO PROGRESSISTA;http://sapl.campodotenente.pr.leg.br/media/sapl/public/parlamentar/8/emk00157.jpg;Beto Maurer | Roberto Carlos Maurer;true;2025-01-01;2028-12-31;2025 | 2026;titular;;https://sapl.campodotenente.pr.leg.br/parlamentar/8
9;gilmar-barbosa;Gilmar Aparecido Barbosa;Gilmar Barbosa;;UNIÃO;UNIÃO BRASIL;http://sapl.campodotenente.pr.leg.br/media/sapl/public/parlamentar/9/emk00176.jpg;Gilmar Aparecido Barbosa | Gilmar Barbosa;true;2025-01-01;2028-12-31;2025 | 2026;titular;;https://sapl.campodotenente.pr.leg.br/parlamentar/9
100;rivanildo-cavalheiro;Rivanildo Braz Cavalheiro;Rivanildo Cavalheiro;;PP;PARTIDO PROGRESSISTA;http://sapl.campodotenente.pr.leg.br/media/sapl/public/parlamentar/100/whatsapp_image_2026-09-02_at_11.07.49.jpeg;Rivanildo Braz Cavalheiro | Rivanildo Cavalheiro;true;2026-03-17;2028-12-31;2026;titular;;https://sapl.campodotenente.pr.leg.br/parlamentar/100
